{"cameraMode":{"drawMode":0,"name":"Shaded","section":"Shading Mode"},"sceneLighting":true,"audioPlay":false,"sceneViewState":{"showFog":true,"showMaterialUpdate":false,"showSkybox":true,"showFlares":true,"showImageEffects":true,"showParticleSystems":true},"in2DMode":false,"pivot":{"x":204.44305419921876,"y":-21.764461517333986,"z":103.7255859375},"rotation":{"x":-0.26477956771850588,"y":0.23929189145565034,"z":-0.0680062398314476,"w":-0.9316706657409668},"size":34.551082611083987,"orthographic":false}