{"cameraMode":{"drawMode":0,"name":"Shaded","section":"Shading Mode"},"sceneLighting":false,"audioPlay":false,"sceneViewState":{"showFog":true,"showMaterialUpdate":false,"showSkybox":false,"showFlares":true,"showImageEffects":true,"showParticleSystems":true},"in2DMode":false,"pivot":{"x":-0.053788185119628909,"y":3.145517349243164,"z":-0.5286331176757813},"rotation":{"x":-0.3555397689342499,"y":0.09315688163042069,"z":-0.03563956171274185,"w":-0.9293258190155029},"size":6.307333946228027,"orthographic":false}