{"cameraMode":{"drawMode":0,"name":"Shaded","section":"Shading Mode"},"sceneLighting":false,"audioPlay":false,"sceneViewState":{"showFog":true,"showMaterialUpdate":false,"showSkybox":false,"showFlares":true,"showImageEffects":true,"showParticleSystems":true},"in2DMode":false,"pivot":{"x":-0.21280384063720704,"y":5.8964667320251469,"z":-0.35778117179870608},"rotation":{"x":-0.3020592927932739,"y":-0.0162929929792881,"z":0.005163660738617182,"w":-0.9531371593475342},"size":2.9171409606933595,"orthographic":false}