{"cameraMode":{"drawMode":0,"name":"Shaded","section":"Shading Mode"},"sceneLighting":false,"audioPlay":false,"sceneViewState":{"showFog":true,"showMaterialUpdate":false,"showSkybox":false,"showFlares":true,"showImageEffects":true,"showParticleSystems":true},"in2DMode":false,"pivot":{"x":0.05474996566772461,"y":0.8168371915817261,"z":0.21684379875659944},"rotation":{"x":-0.0019172531319782138,"y":-0.9639078378677368,"z":0.2661450207233429,"w":-0.006943378131836653},"size":1.1624231338500977,"orthographic":true}