{"cameraMode":{"drawMode":0,"name":"Shaded","section":"Shading Mode"},"sceneLighting":false,"audioPlay":false,"sceneViewState":{"showFog":true,"showMaterialUpdate":false,"showSkybox":false,"showFlares":true,"showImageEffects":true,"showParticleSystems":true},"in2DMode":false,"pivot":{"x":0.6524847745895386,"y":6.236556529998779,"z":0.4979252815246582},"rotation":{"x":0.1119537502527237,"y":-0.8499569892883301,"z":0.20071479678153993,"w":0.4740888476371765},"size":0.886524498462677,"orthographic":true}