{"cameraMode":{"drawMode":0,"name":"Shaded","section":"Shading Mode"},"sceneLighting":false,"audioPlay":false,"sceneViewState":{"showFog":true,"showMaterialUpdate":false,"showSkybox":false,"showFlares":true,"showImageEffects":true,"showParticleSystems":true},"in2DMode":false,"pivot":{"x":-1.0408637523651124,"y":6.579550266265869,"z":-0.6262749433517456},"rotation":{"x":-0.003387162694707513,"y":-0.8583106994628906,"z":-0.005666416138410568,"w":0.5130935311317444},"size":3.26530385017395,"orthographic":true}