{"cameraMode":{"drawMode":0,"name":"Shaded","section":"Shading Mode"},"sceneLighting":false,"audioPlay":false,"sceneViewState":{"showFog":true,"showMaterialUpdate":false,"showSkybox":false,"showFlares":true,"showImageEffects":true,"showParticleSystems":true},"in2DMode":false,"pivot":{"x":0.3358215093612671,"y":1.184326410293579,"z":-0.20534172654151917},"rotation":{"x":0.34599363803863528,"y":-0.08707880973815918,"z":0.032270438969135287,"w":0.9336305856704712},"size":1.0896220207214356,"orthographic":true}