{"cameraMode":{"drawMode":0,"name":"Shaded","section":"Shading Mode"},"sceneLighting":false,"audioPlay":false,"sceneViewState":{"showFog":true,"showMaterialUpdate":false,"showSkybox":true,"showFlares":true,"showImageEffects":true,"showParticleSystems":true},"in2DMode":false,"pivot":{"x":237.0,"y":0.48685598373413088,"z":74.19999694824219},"rotation":{"x":0.6821587681770325,"y":0.060076754540205,"z":-0.05640626326203346,"w":0.7265478372573853},"size":0.5581775903701782,"orthographic":true}