{"cameraMode":{"drawMode":0,"name":"Shaded","section":"Shading Mode"},"sceneLighting":true,"audioPlay":false,"sceneViewState":{"showFog":true,"showMaterialUpdate":false,"showSkybox":true,"showFlares":true,"showImageEffects":true,"showParticleSystems":true},"in2DMode":false,"pivot":{"x":262.8999938964844,"y":0.4868527352809906,"z":367.29998779296877},"rotation":{"x":-0.1553879976272583,"y":-0.19883646070957185,"z":0.03194502741098404,"w":-0.9671165347099304},"size":0.7647002339363098,"orthographic":false}