{"cameraMode":{"drawMode":0,"name":"Shaded","section":"Shading Mode"},"sceneLighting":true,"audioPlay":false,"sceneViewState":{"showFog":true,"showMaterialUpdate":false,"showSkybox":true,"showFlares":true,"showImageEffects":true,"showParticleSystems":true},"in2DMode":false,"pivot":{"x":258.1100769042969,"y":-7.384688377380371,"z":378.0519104003906},"rotation":{"x":0.23593473434448243,"y":-0.6519104838371277,"z":0.22461548447608949,"w":0.6847694516181946},"size":35.9635124206543,"orthographic":false}